{
  "variant": "Simple",
  "horizon": 96,
  "timestamp": "2026-04-24T17:57",
  "metrics": {
    "MAE": 0.4227583296090483,
    "RMSE": 1.3851090802549753,
    "MAPE": 138.0926984219004,
    "R2_classic": 0.2575105941043554,
    "R2_alt": 0.2755474988467389
  }
}