variant,horizon,MAE,RMSE,MAPE,R2_classic,R2_alt
Simple,96,0.4227583296090483,1.3851090802549753,138.0926984219004,0.2575105941043554,0.2755474988467389
