{
  "variant": "Simple",
  "horizon": 96,
  "timestamp": "2026-04-26T16:43",
  "metrics": {
    "MAE": 0.13712320169989678,
    "RMSE": 0.2370677752489727,
    "MAPE": 106.23103666436047,
    "R2_classic": 0.531066149748847,
    "R2_alt": 0.8785130426326887
  }
}