{
  "variant": "Simple",
  "horizon": 16,
  "timestamp": "2026-04-24T18:53",
  "metrics": {
    "MAE": 0.2925771235566305,
    "RMSE": 0.897142391556059,
    "MAPE": 115.33901272019904,
    "R2_classic": 0.6885093138911851,
    "R2_alt": 0.6956569873781435
  }
}