variant,horizon,MAE,RMSE,MAPE,R2_classic,R2_alt
Simple,16,0.2925771235566305,0.897142391556059,115.33901272019904,0.6885093138911851,0.6956569873781435
