{
  "variant": "Haar-after-sum-LoRA(A5-D4)",
  "horizon": 1,
  "timestamp": "2026-04-28T00:22",
  "metrics": {
    "MAE": 0.1287849255200828,
    "RMSE": 0.17754137707491754,
    "MAPE": 111.20520063595352,
    "R2_classic": 0.7369939712854695,
    "R2_alt": 0.712869288065397
  }
}