{
  "variant": "Haar-after-sum-LoRA(A5-D4)",
  "horizon": 96,
  "timestamp": "2026-04-28T00:24",
  "metrics": {
    "MAE": 0.18733145368711368,
    "RMSE": 0.2567239321197966,
    "MAPE": 164.6123570063997,
    "R2_classic": 0.450080338465354,
    "R2_alt": 0.5801282807184742
  }
}