{
  "variant": "Haar-after-sum-LoRA(A5-D4)",
  "horizon": 16,
  "timestamp": "2026-04-28T00:23",
  "metrics": {
    "MAE": 0.1379722596467019,
    "RMSE": 0.19109508266569417,
    "MAPE": 119.04341290193527,
    "R2_classic": 0.6953048376549013,
    "R2_alt": 0.6638537389948732
  }
}