{
  "variant": "Haar-after-sum-LoRA",
  "horizon": 16,
  "timestamp": "2026-04-27T20:42",
  "metrics": {
    "MAE": 0.08594159489884935,
    "RMSE": 0.15816065668882223,
    "MAPE": 58.45801721261928,
    "R2_classic": 0.791280293938276,
    "R2_alt": 0.8994127571567249
  }
}