{
  "variant": "Haar-after-sum-LoRA",
  "horizon": 1,
  "timestamp": "2026-04-27T20:41",
  "metrics": {
    "MAE": 0.039225494576239715,
    "RMSE": 0.07883999547227617,
    "MAPE": 27.09703224828739,
    "R2_classic": 0.9481367513711277,
    "R2_alt": 0.9932357722744732
  }
}