{
  "variant": "Haar-after-sum-LoRA",
  "horizon": 96,
  "timestamp": "2026-04-27T20:43",
  "metrics": {
    "MAE": 0.12189105829808151,
    "RMSE": 0.21701462657881052,
    "MAPE": 101.0852770686258,
    "R2_classic": 0.6070434364517372,
    "R2_alt": 0.8957226333329014
  }
}