{
  "variant": "Haar-after-sum(A5-D4)",
  "horizon": 1,
  "timestamp": "2026-04-28T12:50",
  "metrics": {
    "MAE": 0.1283734143861174,
    "RMSE": 0.17703856281078872,
    "MAPE": 113.2628259331991,
    "R2_classic": 0.7384815785379952,
    "R2_alt": 0.7113945077400091
  }
}