{
  "variant": "Haar-after-sum(A5-D4)",
  "horizon": 96,
  "timestamp": "2026-04-28T12:51",
  "metrics": {
    "MAE": 0.19738900246279867,
    "RMSE": 0.27027713040395335,
    "MAPE": 167.32407874877305,
    "R2_classic": 0.39048396700735455,
    "R2_alt": 0.5925839284504367
  }
}