{
  "variant": "Haar-after-sum(A5-D4)",
  "horizon": 16,
  "timestamp": "2026-04-28T12:50",
  "metrics": {
    "MAE": 0.14271702317152302,
    "RMSE": 0.19709164073721439,
    "MAPE": 124.94024198505163,
    "R2_classic": 0.6758821530916386,
    "R2_alt": 0.6610963523963697
  }
}