{
  "variant": "Haar-in-LoRA(A5-D4-D3)",
  "horizon": 96,
  "timestamp": "2026-04-27T17:53",
  "metrics": {
    "MAE": 0.17762877615118405,
    "RMSE": 0.23895439565499252,
    "MAPE": 172.88588286244513,
    "R2_classic": 0.5235727613504756,
    "R2_alt": 0.6099034136761605
  }
}