{
  "variant": "Haar-in-LoRA(A5-D4-D3)",
  "horizon": 1,
  "timestamp": "2026-04-27T17:50",
  "metrics": {
    "MAE": 0.17182191759059715,
    "RMSE": 0.23149510181894187,
    "MAPE": 162.6754029796688,
    "R2_classic": 0.5528531784935514,
    "R2_alt": 0.619605053573637
  }
}