{
  "variant": "Haar-in-LoRA(A5-D4-D3)",
  "horizon": 16,
  "timestamp": "2026-04-27T17:52",
  "metrics": {
    "MAE": 0.1716847696930014,
    "RMSE": 0.2314298236805887,
    "MAPE": 162.63513146526424,
    "R2_classic": 0.553105320300717,
    "R2_alt": 0.6200196863278378
  }
}