{
  "variant": "Haar-after-sum-LoRA(A5-D1)",
  "horizon": 1,
  "timestamp": "2026-04-28T14:11",
  "metrics": {
    "MAE": 0.16521730046978522,
    "RMSE": 0.21487384420250857,
    "MAPE": 153.21967050615723,
    "R2_classic": 0.6147579876751766,
    "R2_alt": 0.5654718122300261
  }
}