{
  "variant": "Haar-after-sum-LoRA(A5-D1)",
  "horizon": 96,
  "timestamp": "2026-04-28T14:13",
  "metrics": {
    "MAE": 0.2019688875335769,
    "RMSE": 0.26489615817933776,
    "MAPE": 187.6902968067997,
    "R2_classic": 0.4145121933719229,
    "R2_alt": 0.5328753625725718
  }
}