{
  "variant": "Haar-after-sum-LoRA(A5-D1)",
  "horizon": 16,
  "timestamp": "2026-04-28T14:13",
  "metrics": {
    "MAE": 0.1735035108584834,
    "RMSE": 0.2279958074712539,
    "MAPE": 164.99366550221188,
    "R2_classic": 0.5662692058234048,
    "R2_alt": 0.5711341598049717
  }
}