{
  "variant": "Haar-after-sum-LoRA(A5-D2)",
  "horizon": 1,
  "timestamp": "2026-04-27T22:08",
  "metrics": {
    "MAE": 0.15733249286977108,
    "RMSE": 0.20672259409772314,
    "MAPE": 146.57304029590938,
    "R2_classic": 0.6434319484955049,
    "R2_alt": 0.6073973880179692
  }
}