{
  "variant": "Haar-after-sum-LoRA(A5-D2)",
  "horizon": 96,
  "timestamp": "2026-04-27T22:10",
  "metrics": {
    "MAE": 0.203836909353047,
    "RMSE": 0.2689680070635091,
    "MAPE": 185.04735854747932,
    "R2_classic": 0.3963742117331097,
    "R2_alt": 0.5354900072287676
  }
}