{
  "variant": "Haar-after-sum-LoRA(A5-D2)",
  "horizon": 16,
  "timestamp": "2026-04-27T22:10",
  "metrics": {
    "MAE": 0.1696085110625139,
    "RMSE": 0.2221205565211769,
    "MAPE": 156.4133410491187,
    "R2_classic": 0.5883349083403266,
    "R2_alt": 0.5763684833372756
  }
}