variant,horizon,MAE,RMSE,MAPE,R2_classic,R2_alt
Simple,96,0.13712320169989678,0.2370677752489727,106.23103666436047,0.531066149748847,0.8785130426326887
