{
  "variant": "Haar-after-sum-LoRA(A4-D2)",
  "horizon": 96,
  "timestamp": "2026-04-27T23:17",
  "metrics": {
    "MAE": 0.41018942449105555,
    "RMSE": 0.535021726550431,
    "MAPE": 103.62394465796989,
    "R2_classic": -1.3884127037944696,
    "R2_alt": 1.411981791799912
  }
}