{
  "variant": "Haar-after-sum-LoRA(A4-D2)",
  "horizon": 16,
  "timestamp": "2026-04-27T23:17",
  "metrics": {
    "MAE": 0.4091712766922276,
    "RMSE": 0.5331641073225166,
    "MAPE": 105.5329994463795,
    "R2_classic": -1.3718561460825454,
    "R2_alt": 1.4130265028109017
  }
}