{
  "variant": "Haar-after-sum-LoRA(A4-D2)",
  "horizon": 1,
  "timestamp": "2026-04-27T23:15",
  "metrics": {
    "MAE": 0.40874457194123215,
    "RMSE": 0.5296487545251929,
    "MAPE": 116.09331134571941,
    "R2_classic": -1.3406821659831576,
    "R2_alt": 1.4418944710738693
  }
}