{
  "variant": "Haar-in-LoRA(A5-D3)",
  "horizon": 1,
  "timestamp": "2026-04-27T17:56",
  "metrics": {
    "MAE": 0.1921833029631925,
    "RMSE": 0.2532331291134666,
    "MAPE": 181.8007588134057,
    "R2_classic": 0.46493372511938436,
    "R2_alt": 0.5483751904733558
  }
}