{
  "variant": "Haar-in-LoRA(A5-D3)",
  "horizon": 96,
  "timestamp": "2026-04-27T17:57",
  "metrics": {
    "MAE": 0.19553631827741086,
    "RMSE": 0.25739921940974947,
    "MAPE": 186.76767551767267,
    "R2_classic": 0.44718351338326556,
    "R2_alt": 0.5486115456487192
  }
}