{
  "variant": "Haar-in-LoRA(A5-D3)",
  "horizon": 16,
  "timestamp": "2026-04-27T17:57",
  "metrics": {
    "MAE": 0.1922173753173087,
    "RMSE": 0.25317382158442353,
    "MAPE": 181.86300512767812,
    "R2_classic": 0.4651843222094242,
    "R2_alt": 0.5487913679446821
  }
}