{
  "variant": "Haar-after-sum(A4-D2)",
  "horizon": 16,
  "timestamp": "2026-04-28T13:02",
  "metrics": {
    "MAE": 0.4085350367379872,
    "RMSE": 0.533389077565033,
    "MAPE": 104.29460398987271,
    "R2_classic": -1.3738581924376194,
    "R2_alt": 1.4075966395406025
  }
}