{
  "variant": "Haar-after-sum(A4-D2)",
  "horizon": 1,
  "timestamp": "2026-04-28T13:01",
  "metrics": {
    "MAE": 0.4068104946642839,
    "RMSE": 0.5294941390499485,
    "MAPE": 112.51481955199856,
    "R2_classic": -1.3393157779439004,
    "R2_alt": 1.426130831992587
  }
}