{
  "variant": "Haar-after-sum(A4-D2)",
  "horizon": 96,
  "timestamp": "2026-04-28T13:02",
  "metrics": {
    "MAE": 0.41009013476210154,
    "RMSE": 0.5358310793318147,
    "MAPE": 102.36738175498283,
    "R2_classic": -1.3956443001620746,
    "R2_alt": 1.4090247678194219
  }
}