{
  "variant": "Haar-in-LoRA(A5-D5-D4-D3)",
  "horizon": 16,
  "timestamp": "2026-04-27T17:46",
  "metrics": {
    "MAE": 0.14811691533463356,
    "RMSE": 0.2130317136507004,
    "MAPE": 140.62938874495606,
    "R2_classic": 0.6213350940837946,
    "R2_alt": 0.6824200404151733
  }
}