{
  "variant": "Haar-in-LoRA(A5-D5-D4-D3)",
  "horizon": 1,
  "timestamp": "2026-04-27T17:43",
  "metrics": {
    "MAE": 0.1481890342046298,
    "RMSE": 0.21310143459250866,
    "MAPE": 140.5773859833857,
    "R2_classic": 0.6210871948987211,
    "R2_alt": 0.6820011650388805
  }
}