{
  "variant": "Haar-in-LoRA(A5-D5-D4-D3)",
  "horizon": 96,
  "timestamp": "2026-04-27T17:46",
  "metrics": {
    "MAE": 0.15496322354370454,
    "RMSE": 0.2219401041828262,
    "MAPE": 151.23459045629605,
    "R2_classic": 0.5890035160041913,
    "R2_alt": 0.6688206110905771
  }
}